<?xml version="1.0" encoding="UTF-8"?>
<beans:beans xmlns:xsi="http://www.w3.org/2001/XMLSchema-instance"
	xmlns:beans="http://www.springframework.org/schema/beans"
	xmlns:context="http://www.springframework.org/schema/context"
	xmlns:mvc="http://www.springframework.org/schema/mvc"
	xsi:schemaLocation="http://www.springframework.org/schema/mvc http://www.springframework.org/schema/mvc/spring-mvc-3.1.xsd
		http://www.springframework.org/schema/beans http://www.springframework.org/schema/beans/spring-beans.xsd
		http://www.springframework.org/schema/context http://www.springframework.org/schema/context/spring-context-3.1.xsd">

	<context:component-scan base-package="com.addr" />
	
	<mvc:annotation-driven />
	
	<beans:bean id="jacksonMessageConverter" class="org.springframework.http.converter.json.MappingJackson2HttpMessageConverter"/>
 	
 	<beans:bean class="org.springframework.web.servlet.view.InternalResourceViewResolver">
		<beans:property name="prefix" value="/WEB-INF/views/" />
		<beans:property name="suffix" value=".jsp" />
	</beans:bean>
	
	<mvc:view-controller path="/" view-name="home"/>
	
	<mvc:resources location="/WEB-INF/resources/" mapping="/**" />
	<mvc:resources location="/WEB-INF/resources/images/" mapping="/images/**" />
	<mvc:resources location="/WEB-INF/resources/js/" mapping="/js/**" />
	<mvc:resources location="/WEB-INF/resources/css/" mapping="/css/**" />

	<!-- 
	<beans:bean id="exceptionResolver" class="org.springframework.web.servlet.handler.SimpleMappingExceptionResolver">
		<beans:property name="exceptionMappings">
			<beans:props>
				<beans:prop key="java.lang.RuntimeException">
					error/runtime
				</beans:prop>
			</beans:props>
		</beans:property>
		<beans:property name="defaultErrorView" value="error/default"/>
	</beans:bean>
	 -->
</beans:beans>
